Repository,Date,Stars
festim-dev/FESTIM,Mon Dec 13 2021 15:33:01 GMT-0500 (Eastern Standard Time),1
festim-dev/FESTIM,Mon Aug 08 2022 18:30:23 GMT-0400 (Eastern Daylight Time),8
festim-dev/FESTIM,Sun Oct 23 2022 04:21:00 GMT-0400 (Eastern Daylight Time),15
festim-dev/FESTIM,Sun Jul 09 2023 10:12:28 GMT-0400 (Eastern Daylight Time),22
festim-dev/FESTIM,Sun Jul 09 2023 11:41:57 GMT-0400 (Eastern Daylight Time),29
festim-dev/FESTIM,Wed Aug 09 2023 09:23:40 GMT-0400 (Eastern Daylight Time),36
festim-dev/FESTIM,Wed Sep 27 2023 11:55:19 GMT-0400 (Eastern Daylight Time),43
festim-dev/FESTIM,Tue Oct 31 2023 15:47:40 GMT-0400 (Eastern Daylight Time),50
festim-dev/FESTIM,Mon Dec 11 2023 09:05:16 GMT-0500 (Eastern Standard Time),57
festim-dev/FESTIM,Tue Apr 09 2024 12:24:07 GMT-0400 (Eastern Daylight Time),64
festim-dev/FESTIM,Mon May 20 2024 02:05:23 GMT-0400 (Eastern Daylight Time),71
festim-dev/FESTIM,Tue Jul 09 2024 12:19:25 GMT-0400 (Eastern Daylight Time),78
festim-dev/FESTIM,Wed Aug 14 2024 08:04:59 GMT-0400 (Eastern Daylight Time),85
festim-dev/FESTIM,Wed Oct 09 2024 02:38:02 GMT-0400 (Eastern Daylight Time),92
festim-dev/FESTIM,Tue Mar 18 2025 12:54:56 GMT-0400 (Eastern Daylight Time),99
festim-dev/FESTIM,Tue Jul 01 2025 11:26:58 GMT-0400 (Eastern Daylight Time),106
festim-dev/FESTIM,Thu Jul 10 2025 13:24:04 GMT-0400 (Eastern Daylight Time),107
